Charlie,charlie+test1@huehd.com
Michael,michael+test1@huehd.com
Cathy,cathy+test1@huehd.com
Jordan,jordan+test1@huehd.com
Rowena,rowena+test1@huehd.com
Claire,claire+test1@huehd.com
Petra,petra+test1@huehd.com